business_id,date,review_id,stars,text,type,user_id,votesJp9svt7sRT4zwdbzQ8KQmw,8/26/05,OeT5kgUOe3vcN7H6ImVmZQ,3,This is a pretty typical cafe.  The sandwiches and wraps are good but a little overpriced and the food items are the same.  The chicken caesar salad wrap is my favorite here but everything else is pretty much par for the course.,review,P_Mk0ygOilLJo4_WEvabAA,"{u'funny': 0, u'useful': 0, u'cool': 0}"Jp9svt7sRT4zwdbzQ8KQmw,11/23/05,qq3zF2dDUh3EjMDuKBqhEA,3,"I agree with other reviewers - this is a pretty typical financial district cafe.  However, they have fantastic pies.  I ordered three pies for an office event (apple, pumpkin cheesecake, and pecan) - all were delicious, particularly the cheesecake.  The sucker weighed in about 4 pounds - no joke.

No surprises on the cafe side - great pies and cakes from the catering business.",review,TNJRTBrl0yjtpAACr1Bthg,"{u'funny': 0, u'useful': 0, u'cool': 0}"Jp9svt7sRT4zwdbzQ8KQmw,11/23/05,i3eQTINJXe3WUmyIpvhE9w,3,"Decent enough food, but very overpriced. Just a large soup is almost $5. Their specials are $6.50, and with an overpriced soda or juice, it's approaching $10. A bit much for a cafe lunch!",review,H_mngeK3DmjlOu595zZMsA,"{u'funny': 0, u'useful': 0, u'cool': 0}"Jp9svt7sRT4zwdbzQ8KQmw,2/24/06,cnAvoSxsMtyuPEmB9wJ0Nw,5,The muffins are great...esp the blueberry!  I have never had that good a blueberry muffin...its not super sickey sweet like most....,review,xjgebo5Q1j9gfu2dAV8vmQ,"{u'funny': 0, u'useful': 0, u'cool': 0}"Jp9svt7sRT4zwdbzQ8KQmw,9/6/07,bs4VNLZUHi0Rh7Lz1BRKyw,3,"Well, well, well, look at me reviewing the restaurant in my lobby. 

Rebecca's has served me well in times of need, be it their turkey sandwich with granny smith apples and cheddar cheese or their tuna melt on pumpernickel swirl, or an emergency birthday cake. I have to come here on  daily basis to buy my boss' breakfast. I'm a little bitch, I know. They know who I am when I come in the morning, and to get the pre-prepared container of fruit (CANTELOUPE, ONLY CANTELOUPE) & his regular breakfast sandwich (plain bagel, bacon, egg, & swiss) and approximately four packets of ketchup. No receipt. Gives me exact change. I'm kind of screwed if I lose a quarter or something along the way. 

While the breakfast sandwiches are in fact, pretty tasty, the catering for breakfast meetings is just ""meh"". The fruit always tastes bitter and the pastry is pretty subpar. Stick with lunch.",review,j069r9VPOnXxEXiw8TFnLw,"{u'funny': 3, u'useful': 2, u'cool': 2}"Jp9svt7sRT4zwdbzQ8KQmw,11/11/07,F1v9N06fzLCU9M2R3NEGCw,4,"The only place downtown where you can get away with a hot meal or a decent sandwich for under $8. The mix of different options is great. I don't have to decide if i want a hot entree, a sandwich, pizza, or salad before I go. And for the price I don't have to go to the ATM around the corner.",review,E9YkYK7k_00MdzVZ6NuyMA,"{u'funny': 0, u'useful': 0, u'cool': 0}"CgdK8DiyX9Y4kTKEPi_qgA,12/11/05,zQH071b6x9g1ZHbhJnaNKw,4,"This is the place I like to go for deli sandwiches (and salads/soups) when in the Financial District. I'm not sure what makes this place stand out from the million other deli sandwich places in the area. Maybe it's the lack of pretentiousness of it all: a few specials each day (tuna melt, roast beef on rye, turkey club - you get the picture) but they are also happy to let you make your own sandwich from their extensive ingredients list - all for one fixed price. Maybe it's the fact they always seem to be in a good mood. Maybe it's the lack of queue (usually a bad sign, but this place is hidden away in a back alley). Maybe it's something else altogether. But I like it anyway.",review,NfvN6-zeU0RsD0Q_Sk-DSQ,"{u'funny': 0, u'useful': 1, u'cool': 1}"CgdK8DiyX9Y4kTKEPi_qgA,4/19/06,NR33cz48RMMYfT79MaDxKQ,4,"Delicato is a great place for lunch on the go in Downtown Crossing.  There are always several delicious soups to choose from and the sandwiches are simple and yummy.  I haven't tried the entrees, but every time I'm in there someone orders one and they look pretty tasty as well.  Plus there's never a long line and the staff is extremely friendly.  The only downside is that they don't take credit cards, so come ready with cash. Definitely worth a try if you're tired with your usual lunch options and want something simple, fresh and new.",review,evrZb4yvJr-5NX_1NDVQ3g,"{u'funny': 0, u'useful': 4, u'cool': 1}"CgdK8DiyX9Y4kTKEPi_qgA,5/6/08,70bfgIrBIZYu3HmgAGtAEQ,4,Delicato is a surprisingly tasty place for being located in an Alley.  They are a little expensive but what isn't in Downtown Boston.  They have a bunch of different sandwiches on the menu (try the Broker) but can also make almost anything you dream up.  And you get the delicious bonus of pasta salad and pickle.  They have a selection of soups and hot entrees daily as well.   The people behind the counter are really super nice and always remember me when I go in.  Only problem is that the line situation is a little confused because it is hard to tell where to stand if you want a sandwich and where to stand if you want an entree.  All in all though four thumbs up!,review,lVgYzb57kinA8LEU0DwPgw,"{u'funny': 0, u'useful': 0, u'cool': 0}"CgdK8DiyX9Y4kTKEPi_qgA,8/2/08,AUmMDjcDYfCTLmNbRv2dQA,4,"Did you ever notice that no matter where you get lunch in Downtown Boston...it costs $7.00?  Is this some sort of sick collusion?  

Anywhooo...for about $7.00, you can get a very nice lunch at this little, out of the way spot.  They are good for take out (if you plan to eat in cube world) or tables if you want to sit in a nice deli atmosphere.  Lot's of sandwich selections on the big menu board, but a custom sandwich is no problem at all.  With heavy competition for your belly , these guys throw a little pasta salad at you just to keeps things honest and separate themselves a bit.  Shhhh....don't tell them the sandwiches are good enough that they don't have to!  Oh, and breakfast here is dang good too.  An honest egg sandwich...",review,kUKn71KqiMu8YsJLTg7RqA,"{u'funny': 0, u'useful': 1, u'cool': 1}"CgdK8DiyX9Y4kTKEPi_qgA,9/17/08,liHYhgmHEbceTyOYzKVl7g,5,"I think I ate here every day for a solid six months last year and then took a new job and didn't get to venture out for lunch as often, but Cafe Delicato's chili keeps me coming back for more whenever I get the chance.  The owner and the staff are super friendly!!",review,m7iklv8bgo0w4MZYkZG--g,"{u'funny': 0, u'useful': 2, u'cool': 3}"CgdK8DiyX9Y4kTKEPi_qgA,11/10/08,eR0CTPsBtOjjb6opzVg7Jg,4,"Whoa. This place is good. Monday through Friday mornings are made better by the presence of Delicato. I try to expand my horizons past a bacon, egg and cheese (extra cheese) on a bagel, but it's just so delicious that I can't seem to deny it. Matched with a Vitamin Water or Nantucket Nectars and you'll have yourself a pretty excellent breakfast.

Lunch is also good. I'll be honest, I haven't had too much from there in terms of the lunch menu, but what I have had (BLT, grilled cheese with bacon) - I like bacon - is really tasty. You also get a pretty tangy side of pasta salad, always a nice bonus to any meal. There is also a pretty decent drink selection. Extra bonus? Their menu is available online, so if you aren't quite sure what you want that day, but you're really curious about the specials, just pop online and check it out. Awesome. I love a place that allows me to be fat and lazy at the same time.

I've gotta give props to the excellent staff. So friendly. They clearly don't judge me every time I go in and order the same thing for breakfast, and they even ask me if I am picking anything up for my friends at work. They started to recognize me only after a few visits, which is pretty awesome considering how swamped it can get in the morning.

Good amount of seating available, but don't expect to take a huge party there. It's a nice spot to sit down for lunch (or breakfast) and read the paper or a book. Just don't be that person who hogs the table when there are clearly people waiting to grab a seat.

Talk about food selection. I know, I know, I've only gotten the same thing over a couple times. But their menu is just so huge that I get overwhelmed and blurt out the first thing with bacon that comes to mind. That's another bonus to having the menu online. You can prep before going in and not be swayed by all the fall back easy things to order.

Hours are from Monday to Friday, open until 3, so it's definitely a great place to check out during the work week. It's worth making a few trips there as well because there are so many options. And it's just a cute little deli. Who doesn't like that?",review,fHxoX9dC1KYTbSjjIUVaBw,"{u'funny': 5, u'useful': 6, u'cool': 7}"CgdK8DiyX9Y4kTKEPi_qgA,11/14/08,3cN4C7hy_GoMphDpQf00Ug,5,"This is easily one of my favorite places to get breakfast.  They have a huge selection and very reasonable prices.  For $4.95 you get 2 eggs with choice of meat, homefries and toast.  They also have great breakfast sandwiches for $2.75.  Their omelets are phenomenal and all are under $6.00 save for the egg whites only omelet.  I've only been here a few times for lunch, they have a wide range of wraps, sandwiches, hot panini's and salads.  And there are always tasty looking specials of the day.  All in all a fantastic bargain!  Athena, the lady who takes the orders, is one of the nicest people I've ever met, so be sure to say hello :)",review,gPvssPaeqQAhHsa5DWCpKA,"{u'funny': 0, u'useful': 2, u'cool': 1}"CgdK8DiyX9Y4kTKEPi_qgA,11/14/08,1W-BMqk3LPBM42OLIS1v0g,5,"Everyday I love this place more and more.  The ladies of my office and I have taken to getting breakfast sandwiches here and I have now had to limit myself just to one a week.  Bacon, Egg and Extra Cheese on a bagel with a little ketchup.  That makes a depressing morning stuck in the office, not quite as terrible.  The staff knows us and always asks if we want the usual.  Good times all around!  
As Jocelyn C' said , the bottled drinks selection is the best for the area!  anything from soda to vitamin water to honest ade and tea!  I seriously and truly love Delicato!  Too many exclamation marks!",review,lVgYzb57kinA8LEU0DwPgw,"{u'funny': 1, u'useful': 2, u'cool': 2}"CgdK8DiyX9Y4kTKEPi_qgA,12/11/08,cQz86V2Gxelv51Ce8UH5lw,4,This off the beaten path spot is a place you should find.  I would rate it higher but I've only been here a few times.  However every time I've been here it's been very good and I can't wait to get over more.  A huge menu (with very small print) with all sorts of sandwiches that have names (personally a big fan of The Cowboy).  Friendly staff.  Big portions.  Quality food.  What's not to like.  Be aware though the set up is a little funky with the line/ordering.,review,un9H1MifZweNqu2iG7iY-g,"{u'funny': 0, u'useful': 1, u'cool': 1}"CgdK8DiyX9Y4kTKEPi_qgA,1/9/09,Lgahkk0C2ce1wX6Jy63t5g,5,"Five stars for you!

As I sit here updating my review on Delicato, I am munching on a grilled cheese with bacon (of course) and a side of pasta salad. The only thing that could have made this better is if I had remembered to pick up a chocolate chip cookie. Next time.

The service is great, the menu is huge, the chocolate chip cookies are delicious (when you pull it apart, chocolate oozes... gorgeous) and it's just a nice place to grab either a quick bite to eat or to sit with a friend and chat for a while. You are always greeted with a smile.

I don't even know what else to say. It's just fabulous, and you should really try it.",review,fHxoX9dC1KYTbSjjIUVaBw,"{u'funny': 3, u'useful': 3, u'cool': 3}"CgdK8DiyX9Y4kTKEPi_qgA,1/30/09,4cn1rm9pB4ZXN2tGY1aC2A,4,"I always walked past this place on my way to Viga for lunch. 
I finally went in a got a special that was amazing! The wrap had turkey, lettuce, creamy dijon dressing, bacon, and boursin cheese. The wrap came with a side of pasta salad. the amount of food was comperable to the price. 

I have gone back when the speical was over and the closest thing to it is the mayor sandwich, which was also great. 

I feel that I am always in the way when I am there since there is not much room and i feel that lines dont have much structure but I can deal with that for a great sandwich.",review,qfOnHN_2XuJwJ_ToD-iwSw,"{u'funny': 0, u'useful': 1, u'cool': 1}"CgdK8DiyX9Y4kTKEPi_qgA,2/10/09,7QVCBraDmURf-Sl25xdJyw,5,"Delicato has become a regular in the lunch rotation now that I've been there a few more times.  Good portions, quality ingredients and a great staff.  Don't hesitate to go here for breakfast sandwiches either.  They do a mean bacon, egg and cheese.",review,un9H1MifZweNqu2iG7iY-g,"{u'funny': 0, u'useful': 0, u'cool': 0}"CgdK8DiyX9Y4kTKEPi_qgA,5/12/09,5iRFAyLUm8Q0v99RkNlBng,3,"Just ate here for the first time and it's right by my office. It's very convenient and great service. I was in and out with my meal in under 5 minutes which is not easy to find.  

I ordered a lunch special but I think it's on the regular menu.  Turkey wrap with sprouts, lettuce, tomato, carrots and dijon mustard.  Good but not great. I think the mustard was bland which didn't help, so it was only ok, nothing jumped out at me.  But it did come with some pasta salad and a pickel which was a surprise;)  

I will try it again because the reviews are good and it's easy and other things looked good on the menu.  Cute little place too!",review,F9jI-AqazUBDmjP1gEuB0g,"{u'funny': 0, u'useful': 0, u'cool': 0}"CgdK8DiyX9Y4kTKEPi_qgA,7/11/09,WipxaK1Eol0CY_bkCkzuRQ,5,This is a great sandwich shop next to Old City Hall.,review,FPH6FShbJ105a0Y76Q5FnQ,"{u'funny': 0, u'useful': 0, u'cool': 0}"CgdK8DiyX9Y4kTKEPi_qgA,12/13/09,4H8L2vvWVeujMW3eUoRbCg,4,"Above average Deli.  Good Bread, good veggies, mediocre coldcuts.

The only thing is why get a Deli Sandwich, when you could get a sub instead?",review,V3v8I98y9QXqH9CRbB1PfQ,"{u'funny': 0, u'useful': 0, u'cool': 0}"CgdK8DiyX9Y4kTKEPi_qgA,12/20/09,h0SXpANHq01ef8T903SRFg,5,"Consider this the ""Cheers"" of breakfast joints.  

I went here on a recent freezing cold day, and was immediately warmed up upon walking into the cafe.  With lots of seating, yummy and affordable breakfast options, and friendly servers, it's the perfect downtown breakfast destination.  It seemed like I was the only newcomer in the place, as the staff greeted every other customer by name.  Our omelets came out quickly and were thoroughly delicious.  I will definitely be going back and trying more of the options.

Only downside: no fancy coffee drinks, just multiple varieties of coffee in carafes.  But there's a Starbucks on the corner, so if you really need a latte to start your morning, you can always grab one once you leave here.",review,fzOZtk6EpOrTdQZrZo_wkA,"{u'funny': 1, u'useful': 2, u'cool': 0}"CgdK8DiyX9Y4kTKEPi_qgA,2/26/10,Ty9OFW4XKXEkMOODRtM3Nw,5,"I love Delicato Cafe.  Whether it be the Frenchman for breakfast (ham, swiss cheese, and tomato melted together in warm, buttery croissant) or the Cowgirl (chicken breast, melted Brie cheese, honey Dijon, lettuce, tomato, and onions on grilled ciabatta bread) for lunch, I am always happy and FULL when I leave.  Lou, the owner, is great about remembering my name *and* my order.  The woman who works the cash register, Rufina, personifies ""service with a smile.""  If you work in Downtown Boston or are a tourist just passing through, I highly recommend finding the tiny street/alley that is City Hall Avenue and stopping in for a meal.  You will not leave disappointed or hungry.",review,m3aeO2UDMKvIYV16Dloeag,"{u'funny': 0, u'useful': 0, u'cool': 0}"CgdK8DiyX9Y4kTKEPi_qgA,5/23/10,A3G7juOA3FhsM98rmT_fcQ,4,"I eat here quite often because my office is only a block away. The food is good and quick, and they are always willing to change things up for me upon request. I love their soups, and the specials are often great. I normally order the salad special or a greek salad with tuna. If I'm really hungry, I'll get a special or a turkey ruben. Prices are fair, and good is quick. If you aren't familiar with the restaurant, it can be confusing on where you order (there are two counters, one for salads/soups/specials and the other for sandwiches). Once you are clear on that, it's great. Oh, breakfast is delicious as well!",review,GcSLT-tTp6JPJrw69QhIkw,"{u'funny': 0, u'useful': 0, u'cool': 0}"CgdK8DiyX9Y4kTKEPi_qgA,6/16/10,Vh6-UwG4p1ztlaQ-Slw2Lw,5,"Delicato is by far my favorite lunch spot in the area.  Believe me, I work a few blocks from here and I've tried it all  All the food here is quality; the salads are beautiful, the sandwiches are hearty (and come with pasta salad and the best fresh pickle in Boston, for my money).  The standouts for me are the Investor, a chicken salad sandwich with boursin cheese on focaccia) and the quiche special.  

They post their daily specials online (another feature that puts Delicato above the rest), and I check always hoping to see that quiche.   On quiche days, my coworkers and I sprint down here for the delicious, flaky crust veggie quiche with a Caesar side salad.  YUM.  I love and trust this place, so much so that it was the only place I got lunch from while the boil-water order was on.  It may be a dollar or two pricier than neighboring joints, but it is so worth it.",review,sapu8ARjH61hhhqIuuAbVQ,"{u'funny': 0, u'useful': 0, u'cool': 1}"CgdK8DiyX9Y4kTKEPi_qgA,7/19/10,y6_M2qQfjxYUsoWv37dAnA,5,"I had breakfast here, (couple of ham, egg and cheese sandwiches), and they were pretty good. Both were under $6 total and in Boston where food can get pricey, this is a good find. Just wish they were open on weekends. Still, great to find friendly people working the counter.",review,MfzAt3JHJsv4QY0g6imYRw,"{u'funny': 0, u'useful': 0, u'cool': 0}"CgdK8DiyX9Y4kTKEPi_qgA,8/3/10,UeiPEguEG5a7y1K6QvP84A,3,"Well, I have only had one experience here. I waited in a very long line to get a chicken Caesar salad. I saw lots of good looking food precede me, and because of that I was hopeful about my chicken Caesar salad.However, it was disappointing. The dressing was definitely bottled, and not particularly good. There were not many croutons and they were boxed. They weren't awful, just not great. There was a good amount of Parmesan cheese. The chicken was OK. No gristle which I happen to find important, but, there wasn't really any flavor, either. My salad cost $6.99 I opted to get a side order of garlic bread, which I am glad I ordered, they did charge me $1.40 for the bread, and considering I did not get the pita bread they normally offer, I thought that was a bit of a high up charge for a couple of small little pieces of garlic bread. But, not a big deal, I asked for it and I got it.  I would probably try this place again sometime because I saw someone get a fresh mozzarella salad that looked good as well as some decent looking sandwiches, but I won't rush back.",review,ZCBFMTB_dgrn2uHLB0GkXg,"{u'funny': 0, u'useful': 0, u'cool': 0}"CgdK8DiyX9Y4kTKEPi_qgA,9/14/10,SeHtmrG0Fw8T0B3mnDqVBA,4,"Delicato is one of the premier cafe/lunch spots in Boston. Why, you ask? Quality, fresh ingredients, daily and weekly specials, wide selection and friendly service. 

My favorite thing about Delicato is the daily specials (available online). Whether it is crab stuffed Dover sole over rice, Spaghetti and Meatballs, their famous quiche, lasagna, chicken and broccoli or any of their countless others, Delicato prepares these specials each and every day. As a customer, it is always good to see lots of turnover with the food, especially when that food is high quality. 

I also enjoy their salads, especially the Mediterranean (Mixed greens, Feta cheese, tomatoes, cucumber, red onions, Kalamata olives, pepperoncini, carrots, hummus, basil roasted pepper, pita chips) if I'm feeling like a lighter lunch.

Though I don't have the authority to speak on all of their sandwiches, they are well made and properly portioned. The only sub-par thing I have eaten at Delicato was a bowl of clam chowder (which I am very picky about anyways). 

Whenever I am looking for various options, freshly prepared meals and quality ingredients, Delicato is a go-to.",review,m8H9OAV11biLYzEQ7MOyzA,"{u'funny': 0, u'useful': 0, u'cool': 0}"CgdK8DiyX9Y4kTKEPi_qgA,11/12/10,btY2g2YiH5eIGzBUpPh1tw,4,"Two reasons I love Delicato? Breakfast and lunch!

Breakfast: 
- Fun coffee flavors by Green Mountain, available in paper to go cups
- Broad selection of breakfast sandwiches, breakfast burritos, and various egg preparations like scrambled, fried, omelet, etc
- Assortment of muffins, bagels and English muffins for the toaster or hot griddle

Lunch:
- Soups and chili
- Cold and hot specialty sandwiches and including the make-your-own option 
- Solid drink section that includes premium juice brands such as Honest Tea, Naked, Nantucket Nectars, etc
- Daily meal specials

Sometimes they are a little backed up during the work day rush hours, but I don't mind the wait. It's the attention to small details that keeps me coming back.",review,atPT1XmebpUazSUy5abNhQ,"{u'funny': 0, u'useful': 0, u'cool': 0}"CgdK8DiyX9Y4kTKEPi_qgA,1/12/11,e2Iryt3MVuYGLmqRJTVQFA,3,"Super tasty & fast! We tried the COWGIRL MELT and the PILGRIM SALAD, both were very fresh and flavorful. We didn't even need dressing on the salad, there was so much great stuff going on in there. The salad also came out before we were done paying, and the sandwich just seconds after. Very sweet staff, and reasonable prices for the area (~$7). The salad was pretty small though, definitely wouldn't be enough for a normal lunch.",review,6tE-j-35xdDKYnyAR6z-Dg,"{u'funny': 0, u'useful': 0, u'cool': 0}"CgdK8DiyX9Y4kTKEPi_qgA,1/26/11,r4USVdhW9YToMqvHhvLn2A,3,"I went to Delicato because of the overwhelmingly positive reviews on yelp, and I've concluded that it is not worth the hype. 

They give you a lot of food for your money (considering most delis only give you a sandwhich for $7 and Delicato gives you pasta salad and a pickle).

I may be on the picky side here, but I hate paying for something that I could have made at home and brought to work to taste the same. The Mayflower wrap was good, but it was canned cranberry + mayo + turkey and bacon with greens - the wrap fell apart because it was stuffed but not tight enough to hold together and it dripped everywhere.

I am not OK with eating food that is prepared hap-hazardly during my lunch break, even a Tide pen can't get an oily stain out of your clothes if something happens. 

The pasta salad was al-dente which was good, but lacked flavor or spice.  

The picke as previous yelpers have mentioned, was excellent. By far the best part of the meal.

I may return for breakfast as it has gotten such good reviews and try again.",review,4Uf5N2l4bsf9GVn9SQkoRw,"{u'funny': 0, u'useful': 0, u'cool': 0}"CgdK8DiyX9Y4kTKEPi_qgA,4/12/11,5CJBx0N4-aio_zsZbbullA,3,"I guess I should have gone more conservative with my choices, I got the Spanish Omelette and didn't nearly have the stomach for it, and while it was around $6.00 for the omlette, homefries, and english muffin, the addition of a medium coffee and 2 slices of bacon set me back $10.00 (Why HELLLLO Starbucks....NOT).

Aside from that, I do very much appreciate their Texas hot sauce packets.",review,D8KWcO96aN4R1dLxKaPyDQ,"{u'funny': 0, u'useful': 0, u'cool': 0}"CgdK8DiyX9Y4kTKEPi_qgA,5/4/11,hBzrrK2HDRRAepdMHfzV0g,3,"It wasn't bad. It wasn't great. It's just a very, VERY, simple little spot next to Starbucks. I ordered a western omelet with a side of dry rye toast and homefries.

The food came out quickly, very hot, and just as I had ordered it. The omelet was good, not greasy, and the stuff inside was of good quality. My only dislike was the American cheese inside the omelet; just a personal preference, next time, I'll ask to omit.",review,_CwPTeYnVtvOWbprFu_rQg,"{u'funny': 0, u'useful': 1, u'cool': 0}"CgdK8DiyX9Y4kTKEPi_qgA,5/29/11,e9dz74nVkgxOtayCwC_B1A,3,"Stayed at the Omni Parker House, which is just down the street, and asked for breakfast recommendations outside of the hotel and this was one of them.

For a quick breakfast, with diner type food, this is just fine.  The staff was incredibly friendly and the service was quick.  Downside, there's the girl who took the order, and she brings it to your table, and has to refill the coffee and take the phone calls... at least the morning we were there, it was WAY to much for one person.

The food wasn't fabulous, but it was good.  I had a cheese omlette, with American cheese, and was a little surprised to see white cheese flowing out of the eggs, but then maybe others choose the white American, so that was fine.  That said, it was not a fluffy omlette, it was a folded omlett.  Flavor was good, but nothing mind-blowing.

Toast was toast and the homefries were a little on the greasy side.

Was the food acceptable?  Absolutely.  Would I stop in again?  Maybe, but if I was one who often had hangovers... I'd be there every chance I got!  Would have loved a place like this near work in Chicago back in the days when I needed to start my day with a good dose of grease. mmm-mmm-good.",review,JZmhNu6zflJhz3aC9F-sbA,"{u'funny': 0, u'useful': 0, u'cool': 0}"CgdK8DiyX9Y4kTKEPi_qgA,7/11/11,m12vdn38UvRczfNKjYachQ,5,"Great fresh food. I had a chicken salad BLT wrap. Fresh ingredients, fresh pasta on the side, fresh tortilla. It was amazing. It's a deli style restaurant, meaning you walk up and order what you want. The staff is quick and friendly. I would definitely go back!",review,YrEcCrxCIEXmjOGRQ9r9PA,"{u'funny': 0, u'useful': 0, u'cool': 0}"CgdK8DiyX9Y4kTKEPi_qgA,8/18/11,NbWBcETkK6QTVwoLQMjl3A,3,"Like a lot of the places in the area, Delicate caters to the 9-5 lifers, and as such is only open for breakfast and lunch.  The sandwiches are more substantial than their salads, and they're a better deal as well, considering they're roughly the same price.  I recommend the Cowgirl.  Fresh, hot, and fast, but nothing that really distinguishes it from the half dozen sandwich/salad places in downtown.",review,5iLJQgy09bXOPLhv_SxWVw,"{u'funny': 0, u'useful': 0, u'cool': 0}"CgdK8DiyX9Y4kTKEPi_qgA,8/19/11,EurUCNYTooI5ZSC9y-ZFUg,4,"Just went to Delicato for the first time this week, went twice for lunch. Definitely will become a regular lunch spot for me. They have nice wraps and sandwiches. I got a chicken salad wrap and BLT. I enjoyed both, they were fresh and well made. They add a side of pasta salad which is a nice addition. The price is very reasonable for downtown. Very solid spot.",review,0OPxrk_ZOlE2S3ja-JMD0A,"{u'funny': 0, u'useful': 0, u'cool': 0}"CgdK8DiyX9Y4kTKEPi_qgA,9/22/11,qdmZB7jTA0UzCOJar9jKdQ,4,"Delicato is a little deli counter service type place nestled over by City Hall. 

A lot of people go for the breakfast, but I've only ever been for lunch. Their sandwiches are generally spot on. The Cowgirl is a personal favorite although I always feel weird ordering it because it sounds like it's a version of The Cowboy but for women: it's not. It's an ooey-gooey brie melt with chicken breast and the right pairing with a sweet honey Dijon. I don't think I've ever really been disappointed by any of their sandwiches (although the boursin/roast beef wrap tastes like what I make with a few supplies from Shaw's, which is good but not worth the ~$7 price). 

The sandwiches all come with a side of pasta salad and a deli pickle which make quite a tasty lunch that's quite filling. Usually at around $7 it's a pretty good value, at least in terms on the area. 

M g/f loves their caprese salad for some reason, despite every time I sample it being pretty disappointed. It's sort of bland and seems like they just got all the same ingredients I again can pick up at Shaw's and do the exact same thing at home and have it come out slightly better for presumably cheaper. 

Always check their specials! They have 4 different chalkboards with different daily specials: one has the sandwiches, one has the salads, one has the daily soup selection, and the final one is the lunch special. They had corned beef on St. Paddy's Day and it was better than any of the ""Irish"" places I went. 

All in all, I'm a solid fan of this place.",review,jlwVKnN38Bnj9J7d6e9fwQ,"{u'funny': 0, u'useful': 0, u'cool': 0}"CgdK8DiyX9Y4kTKEPi_qgA,9/28/11,uA3ozyT-I9IO0CjNdY5sMA,3,"I just went here for the first time today. My coworkers have been going there and coming back with these yummy looking sandwiches, so I decided to give it a try. The menu is large with lots of different sandwich options, as well as soups of the day, and salads. The line moved pretty fast, but was a bit disorganized and just a tad frantic. I ordered to go and got my sandwich pretty fast. It also comes with a side of pasta salad which is nice. When I got back to my desk i have to say I was just a little disappointed. The Turkey is not freshly sliced, it was that slightly slimy processed turkey you buy in packages. The Brie was in the form of a weird Spread instead of slices of Brie. The bread however was yummy, Crunchy on the outside and soft inside. It was a kind of focaccia which was very good. The pasta salad was also good. Over all it was just ok.  I might give this place a try again, but disappointed in the first try.",review,WonVaEVUX9WxHTGQ3jmxSQ,"{u'funny': 0, u'useful': 0, u'cool': 0}"CgdK8DiyX9Y4kTKEPi_qgA,11/19/11,AIAhMNk-Aqjx5-FhDlgBrg,3,"Saw a LevelUp credit for this place, and since I work very close by, decided to hop in on a whim and grab lunch.  Maybe because I'm used to real New York Deli, or massive Al's subs, but I just felt so let down my Delicato sandwich.  I also didn't know it came with pasta salad and pickle, and I hate when my sandwich gets pickle juice on it...the worst!  I guess I'll know better for next time, if I go back, but there are just too many better options in the area.",review,Olmzc6UsGfOtaABiFdK1IQ,"{u'funny': 0, u'useful': 0, u'cool': 0}"CgdK8DiyX9Y4kTKEPi_qgA,11/22/11,Fh_MxPCA6nkb-p8U7wA-iQ,3,"Points for finding this place, you are an off the beaten path traveler of downtown Boston. I only know about this tiny cafe because I work around the corner. It is located on a side walkway in between downtown crossing and government center. Unimposing, it has its menu on display by the door, so you can check out its selection without having to walk in. But seriously, you're gonna find something you like, you might as well go in.

There is a decent selection of sandwiches, soups, salads, and hot foods. I've only had sandwiches, but if the other options are like those, then its definitely worth a try. The ingredients are fresh and of good quality. The sandwich options consist of turkey, chicken, roast beef, genoa salami, etc. They are paired with a variety of cheese including the standards provolone and swiss as well as some more esoteric varieties such as brie and mozzarella. ""The Favorite"" (ironically *my* favorite) has turkey, mozzarella, lettuce, tomato, olive oil, roasted red peppers, and basil on a focaccia roll. (Also, the bread selection is fantastic and fresh. No stale or boring bread) The sandwich is served with a pasta salad and pickle. It's a perfect sized meal.

The only reason I don't attend Delicato Cafe too often are the prices. It is a little pricey (although nothing ridiculous). The difference is the sides. It's a little more than I'd like to pay on a regular basis, but I'll certainly stop in when I feel like treating myself.

BONUS - Delicato Cafe is now working with LevelUp, the app where you can pay with your smartphone and build toward bonus credit to spend at the restaurant. You get a credit for your first time and $5 back for every $50 you spend. That's certainly an incentive to pop in more often!",review,SG56xTxH4N194iO2Y18Wfw,"{u'funny': 0, u'useful': 0, u'cool': 0}"CgdK8DiyX9Y4kTKEPi_qgA,3/2/12,utAlqsQn05Oe1N4ZP1jJIA,5,"Delicato is a fantastic little place to grab breakfast or lunch for reasonable prices downtown. The owner, Lou, is ridiculously friendly, as is the rest of his staff. 

All the daily entrees and soups are homemade (shoutout to Jerry), but I generally opt for the Patriot - a chicken salad BLT. The chicken salad is to die for! Order the Patriot, or the Cape Codder (a wrap with cranberry sauce - it's delish I swear). 

I also love getting the special sandwiches, which often include sprouts. Everything is super fresh! Plus every sandwich comes with a pickle and tasty pasta salad, a full meal for aroun $7.

I've ordered a hungover breakfast sandwich or two, and they put plenty of cheese on those babies. Mmmmm.

Delicato has also catered some work events for my old job, they were on time, everyone raved about the food, and prices were great! I highly recommend.",review,ClfT4weKMjcT-a2_gh9geg,"{u'funny': 0, u'useful': 0, u'cool': 0}"CgdK8DiyX9Y4kTKEPi_qgA,3/5/12,X5QPtbD2-ty95edMUR0ogg,3,"I usually come here once or twice a week for lunch, since I'm a 9-5 (more like 7-5) lifer in the area.  Like many restaurants around here, this place usually gets most of it's business from the lunch time crowd, so yeah this small place can get a bit crowded, but lines do go fairly quick. 

This place offers all types of sandwiches and paninis, as well as soups, salads, daily specials.  The food is decent, but there are better sandwich and soup spots in the area. Ohh they also do breakfast as well, with the normal breakfast foods like eggs, bacon, sausage, toast, and pancakes. Ehhh nothing special, so why do I come here then? Because it's right around the corner from work and it's too damn cold out! 

It's always the same three people working in here the owner, who handles the money , the girl on the sandwiches, and SSS guy (soup/salad/specials dude).  I come here maybe once or twice a week, I have tried a variety of things. So normally I stick I'm with the SSS guy. Soups can be a bit oily (especially the chili), like a centimeter's worth of oil layering the top of it. Salads aren't bad, sometimes they'll have creative salad specials, one time I got curry chicken salad (interesting, not bad at all!). As for specials, they'll have pasta offerings, like the American Chop Suey, which was a bit greasy and comes with a side of garlic bread. I must admit even though there are better places to eat around here, I am a regular, just because it's quick and I need something to get me through the 10 hour days, plus I don't really have time to enjoy the food! I'll save time for the weekends!",review,A5IptwhF4Br1IFLCP2d8iA,"{u'funny': 1, u'useful': 1, u'cool': 1}"CgdK8DiyX9Y4kTKEPi_qgA,4/5/12,EgOE8Jh7EFg6pDdZxHsv3w,4,"I use Delicato for catering lunches for my office. I have nothing negative to say about them! Lou, the owner is wonderful and very accomodating even in the times I have had to call him last minute for things! They offer all types of sandwiches on all different types of breads. The deli meat is always fresh and tasty as well as the veggies and cheeses. I will continue to do business with them as they offer the best catered sandwich platters in the area.",review,rUNKveVQ99X6PHLJpvnRtw,"{u'funny': 0, u'useful': 0, u'cool': 0}"CgdK8DiyX9Y4kTKEPi_qgA,4/16/12,nwwgrTdA5ACaYmvpg6ZsGg,1,"I have frequent work in the office next door., and I mean directly next door, the buildings are up against each other, the entrances 20 feet from each other. I am in that building one out of three business days, more or less. There are people from other agencies that are at all these same meetings with me, along with contractors we work with. Delicato makes a decent sandwich, nothing to rave about, but dependable. I used to come here a lot.

I never go there any more, and neither do the people I work with. Last time we came here one of the women in our group was humiliated by a man who I believe is the owner. He's the tall guy that's always there and acts  like he owns the place, but I'm not sure. The woman who was disrespected is extremely intelligent and hard working, and her abilities are widely respected. Her counsel is sought by some very important people. On the day in question, she apparently asked a question about the menu, and he thought the question was stupid. He told her how ridiculous her question was in a very loud and disrespectful manner, laughing and treating her like she was stupid, sharing her stupid question loudly with the cook, who also laughed at her apparent stupidity.

She reddened, but she acted cool and sat with us like nothing had happened. I suppressed a fleeting urge to go over give that moron a dope slap.  I was ready to just walk out but I didn't want to embarrass her, she was acting as if nothing happened, so that;s what I did. None of us had a big discussion about it afterwards, but none of us has been back there since. That man is an ass.",review,k4aInHbd5khm9-hZx5-6Hg,"{u'funny': 1, u'useful': 2, u'cool': 0}"CgdK8DiyX9Y4kTKEPi_qgA,5/7/12,2rf3zy6Zsc7oAZcAOeLMaA,1,"I decided to try this place for lunch as it offered a LevelUp discount. Figured it was safe to order the first item on their long wraps list, the Californian. Wrong. Really mediocre. Low quality turkey, boring cheese, and COLD. Not room temp, COLD. I don't like COLD food. Also a little bitter tasting... maybe it's the yucky wrap they use. I imagine other menu items are.better but I would not trust the wraps.",review,ee635AWzFOH4mJyk4gLoWw,"{u'funny': 0, u'useful': 0, u'cool': 0}"CgdK8DiyX9Y4kTKEPi_qgA,6/13/12,Un0uvpuGGqZ6APmlzqIFhQ,2,chicken salad had way too much mayo that overwhelmed it.   I wish I tried the chicken parm special which looked pretty good.  This was a very weak first impression.,review,9wSiY7DbuGZHMXySVwX_Pw,"{u'funny': 0, u'useful': 0, u'cool': 0}"CgdK8DiyX9Y4kTKEPi_qgA,6/14/12,gFXs5OudU_Y7hILzDQk3Uw,4,This was my everyday lunch spot for about a year. Super friendly staff who will definitely remember you and your order if you are a regular. Try the cape codder (with cheese!),review,RYGLov5KCVE6ti_j-JLT_Q,"{u'funny': 0, u'useful': 0, u'cool': 0}"CgdK8DiyX9Y4kTKEPi_qgA,8/27/12,0hi16AImqDiP4lLGNokt4Q,4,Closed! We'll miss you Delicato!,review,FKTS8RUtVexWNrEEWhyb5Q,"{u'funny': 0, u'useful': 2, u'cool': 0}"CgdK8DiyX9Y4kTKEPi_qgA,8/27/12,PCpnWOSeIxxY43gF5RqUFg,4,"Delicato has a sign up that says they've closed their doors, sadly. They were the best place to grab a breakfast sandwich in the neighborhood, and the woman working the cash register was always very friendly.",review,DGdnED2qyLbFM4wO5PsPGA,"{u'funny': 0, u'useful': 1, u'cool': 0}"SAnMTC1rm-PhP8DQC4zeyg,2/1/09,K34B-yfRQ0gr1EWEe17KfQ,2,"Considering I've worked upstairs from this place for a while, you figure I would at least get a smile once and a while.  I understand sometimes people have bad days, but I didn't know it was possible to be grumpy Monday thru Friday.  I also particularly enjoy how the price for a sandwich will be substantially different the very next day; to this day, I have no idea how they price things out.  Regardless, the food itself is more of a hit than a miss, pretty good if you need something quick.",review,AxVHtbmAggHX5jgRrhrITg,"{u'funny': 0, u'useful': 2, u'cool': 1}"SAnMTC1rm-PhP8DQC4zeyg,5/26/10,p3K6N5Y5lDAy-yCi9iKVvg,2,"I was 10 minutes early for jury duty, so I stopped here to get a bagel.  I guess everyone else in there was a regular, because the servers knew what people wanted before they even ordered.  However, since I wasn't a regular, I was practically ignored, which I thought was very rude.

I ordered a toasted cinnamon raisin bagel with butter, and instead got a burnt cinnamon raisin bagel with enough cream cheese for three.  I like supporting independently owned places, but Plaza Deli left me wishing that I'd found a Dunkin Donuts.",review,Dkaj-rzNMuv9kxsbYOi7NA,"{u'funny': 1, u'useful': 2, u'cool': 0}"SAnMTC1rm-PhP8DQC4zeyg,6/22/10,Aw-eyTRy8hccvmGydL4mbA,1,"They must think they have a good system here since they have not changed things in the years I have periodically gone here. However, things are flawed, very flawed. Today has pretty much reinforced why I don't go here often. 

I went during the lunch rush. So there was a decent line. There is little organization to keep the line moving from being ordered, carefully watching your order (and answer possible questions about it), to paying. They tell you to move along but they are constantly asking you questions. For example, they ran of our wheat today so they had to ask several people about which bread they would prefer instead. Luckily, I ordered my sandwich on a roll. 

So I get shuffled on to pay. Big mistake. I should have stood my ground and watched the woman make the sandwich. There was a breakdown in the ordering process since a guy took the order, told it to the woman, who was making like 5 other sandwiches at the same time. So, understandable, she messes up my order. I did not order anything complicated. Nope... salami, provolone cheese, lettuce, oil and vinegar. 

Once I got back to my office I realized that my sandwich was missing the oil and vinegar. That is the blue that ties the sandwich together! 

They need to either take the order and make it themselves or write out orders to get things done correctly when passing it off to someone else. Marking the sandwich would also be helpful since the 2 women at the register actually hand out the sandwiches so they are just yelling out what the woman who makes the sandwiches say. My sandwich was almost given to a man who ordered ham on white. Luckily they realized a bread sandwich felt different than a roll sandwich. 

Good luck to the people who give this place a try. Keep an eye on your sandwich!",review,qfOnHN_2XuJwJ_ToD-iwSw,"{u'funny': 0, u'useful': 1, u'cool': 0}"SAnMTC1rm-PhP8DQC4zeyg,8/25/10,avTg2sLsXewDsyBKSCLogw,4,Rainy day in Boston.   Went to order Delivery from these guys through seamlessweb.   The delivery site had their delivery min incorrect but they delivered my breakfast anyway.   GREAT WORK PLAZA DELI,review,XmuyNp560uG3lEHWhDXSLQ,"{u'funny': 0, u'useful': 0, u'cool': 0}"SAnMTC1rm-PhP8DQC4zeyg,12/22/10,Ra_wj7CPWsV7eXzGOwmpIQ,3,"I really want to give this place higher stars but I just can't do it.  The food is decent. I really like the BLT or the Tom/Moz/Basil sandwich but the chicken caesar salad was pretty bad.  It was just never satisfying.

The reason it only gets 3 stars is that it is kind of expensive for the food it is.  $9 for a sandwich and soda is expensive.  Also the service is hit or miss.  It can take a while to get your meal and one of the women who works the cash register is really slow.  The other woman is able to get through her customers really fast but if you get stuck with the other woman it can take forever.",review,sdlX-UAmcXsiKa0_6-6RKg,"{u'funny': 1, u'useful': 0, u'cool': 0}"SAnMTC1rm-PhP8DQC4zeyg,1/28/11,R9CRvbssLnfoMI9j9kTbvQ,5,"The food, price, and staff are absolutely AMAZING! I love eating there whenever I'm in the city.  I always leave feeling full and happy! It is definitely the best place to eat! LOVE IT!",review,0LjcUWAvj1_e_dJeveLwMQ,"{u'funny': 0, u'useful': 0, u'cool': 0}"SAnMTC1rm-PhP8DQC4zeyg,7/8/11,Z8cxj_SMzOOHk6Ci2IagqQ,2,"I struggle with this review.  I'm torn between giving two and three stars. I like using Plaza Deli as my ""old faithful"" ... my last minute ""hail mary play"" ... when I just can't make up my mind, I know I can go to Plaza Deli (or their sister deli, Cafe Latino) for a nice sized and well portioned lunch. However, there are real issues here that can't be avoided.  

I work in the area and I tend to visit Plaza Deli maybe once a week because of a decently portioned chicken ceasar wrap I can get there.  

Most of the staff recognize my face, but not to the point where my name is known. Meh....I'm over it. 

I used to order a variety of lunches from Plaza Deli.  There was the roast turkey lunch plate, various salads, ziti with sausage, roast beef, steak and cheese, cheeseburger subs...I did it all.  But mistakes would appear in my orders more than I could allow.  Those mistakes happen primarily because of the ordering system. 

Other reviewers have mentioned it already, and I would like to reinforce what they have said.  I want to give 3 stars, because the food is good enough, but the disorganization in this place along with the high prices and the VERY public family strife going on in the background can really turn a customer off.  

So, two stars it is. (Really should be 2.5)

I echo the calls from other Yelpers for an organized way to order your lunch from this staff.   The customer is annoyingly herded toward the register before he/she is comfortable that anyone actually understands the order. 

I ask the staff at Plaza Deli, ""why can't someone write down my order on a piece of paper and hand it to the order maker?""

I agree that the price for a lunch which includes chips, a drink and a sandwich regularly rises above $10.  A bit high in this area and in this economy.  

There is a deal of some sort if you work in the building or at the state court across the plaza.  I sadly don't qualify for such a deal. 

I ask the staff at the Plaza Deli, ""why not offer a lunch club card for everyone?""  

Recently, they instituted a lunch bag special for around $7.50 with tax where you get a sandwich, chips and a bottle of water (or select sodas).  That ain't bad.  Keep up those initiatives and I think you will get more positive feedback. 

Lastly, STOP THE INCESSANT BICKERING BEHIND THE COUNTER WITH EACH OTHER.   It is so unprofessional and such a turn off to the customers.  Don't let us go in there at least once a month and find two staff members having an issue with each other.   I even catch the employees at Cafe Latino having problems with the Plaza Deli employees. I know you are all family back there, and we all have our own family problems, but honestly...cut it out at the shop.",review,FT_6c26VcTiEy1t1ZMpY9Q,"{u'funny': 1, u'useful': 1, u'cool': 0}"SAnMTC1rm-PhP8DQC4zeyg,7/21/11,W9jItSgRfyp5PpxHGP36Dg,3,"Changed my mind....They don't deserve two stars. Plaza Deli is at least a 3 star deli.  Their food is good enough, but the rest of the stuff below still stands.",review,FT_6c26VcTiEy1t1ZMpY9Q,"{u'funny': 0, u'useful': 0, u'cool': 0}"SAnMTC1rm-PhP8DQC4zeyg,8/14/11,Ek7piGH8dTy5szDQ9aI7dg,4,"Love, Love, Love them. Jerry is awesome. I order lunches for the firm and in a pinch they always have my back.  No matter the size of the order and last minute, They work it out.  They are expanding the menu and are serving pizza now. I had some and it was good. They hired a new VP of Marketing (Shannon Sweeney) Awe work on the menu and putting them out there. Love her too. They will give the competion a run for their money.",review,YGnG_8OLf9cqG9F8rtrNzg,"{u'funny': 0, u'useful': 0, u'cool': 0}"SAnMTC1rm-PhP8DQC4zeyg,10/13/11,QejmxMkChqxzvIvAm0n5Tg,2,"Just a little above average...

The employees are funny and nice, so that's cool.

Ordered a bacon cheeseburger and fries hoping to kill a rockin hangover.  Took about 10-15 mins to make (groan) and when I got back to my desk saw that they didn't even put the bacon on.  (DOUBLE GROAN!)

The thing was the size of my fist, too... wth?  I ordered a large.  Or at least I paid for a large...

The fries were pretty normal/unimpressive.  Throw some salt on em and dip em in ketchup and you can enjoy em.

Another time I got an italian sub and that was much more satisfying... but you can't mess that up, right?  

I dunno... there are better options in the area.  TRUST!",review,IuNBGKh9KgxgRgcRqK-KTg,"{u'funny': 2, u'useful': 2, u'cool': 2}"SAnMTC1rm-PhP8DQC4zeyg,11/30/11,nSnsSJ2G5Bq_H3MzPmJ-Kg,4,I love this place.  The honey mustard chicken is to die for.  I love being able to get a real meal instead of a sandwich. The meatloaf looks amaning and i cant wait to try it.,review,#NAME?,"{u'funny': 0, u'useful': 0, u'cool': 0}"SAnMTC1rm-PhP8DQC4zeyg,6/25/12,MKyHD6dK7YS8vjjPiZl2Sw,2,"Fat G. working the Government Center area, hopefully until tomorrow. It's soo far away...

Anyways, because of the rain, and the inclination to try a new place, I went to Plaza Deli, which was across from the Suffolk County Courthouse.

They have outdoor seating, but also have tables on the left side when you enter. On the right is another section that you can order dishes and such, and in the middle is where you can get sandwiches and quick food.

I ordered a roast beef on a sub, and it was prepared fairly quickly. It was really bloody though - in fact there was more blood on my bread soaked though than mayo.

There was a slight line, and cleanliness isn't the tops either, but it's convenient.

Also, the bathroom is located in another building.",review,hQlqcW6ihnyhMm18BTZMVQ,"{u'funny': 0, u'useful': 0, u'cool': 0}"SAnMTC1rm-PhP8DQC4zeyg,4/11/13,kN6gbyxizdY1dfLKxEn-2w,1,this place is now closed!!!  gonzo,review,tskIPTYYSTVno19O8RkLSw,"{u'funny': 0, u'useful': 0, u'cool': 0}"75dtVyDb8Sfwb7dR0cBvdg,7/23/08,dfZygbURNfjXjYbCHFCagQ,4,"This place gets my votes because it embodies my old fantasy of what being in a city was all about, one that's maybe couched in early '80s movies and such.  Very little name brand stuff, paper cups with the place's name on it, leathery old guys running the counter, low Yuppie population, Patriots winter coats -- all of it.  You should be hunched over a curled copy of the Globe hereThe food, I don't know.  The bagels are buttery and salty and good.  Coffee is fittingly bitter, good for bracing you for freezing, windy walks up and down Beacon Hill.",review,L717q5M7e_L9ItE5t9-ELg,"{u'funny': 0, u'useful': 1, u'cool': 1}"75dtVyDb8Sfwb7dR0cBvdg,5/13/09,OWInm4qkJkjuzNiACdpeQQ,2,"I've been here for breakfast a few times lately, and all I have to say is this: is there NOWHERE on Beacon Hill that serves good coffee?!?  And what is with the annoying tendency of eateries in this area making your coffee for you, like they're Dunkin' Donuts or something.  I'd like some coffee with that cream and sugar, please.....  /rant

Coffee aside, there is really no reason to come here over Fill-a-Buster's, the prices aren't better, the quality is average, and personally I like the FaB guys better.  I've had just about everything on the breakfast menu, and didn't really find any redeeming qualities.  The homefries were bland, the eggs were kinda dry, and the pancakes and french toast were unremarkable. Maybe their lunch food is better, but I'm not getting my hopes up...",review,8AlArCFi5cofF6RBLUx1PQ,"{u'funny': 0, u'useful': 0, u'cool': 0}"75dtVyDb8Sfwb7dR0cBvdg,6/14/09,lSsdQ_b9NRmvvWo6IrRb7g,5,"GREAT PLACE!! strongly reccomend the piedina wrap and the blueberry pancakes.. serve good espresso cofee. The waiters are italian-born and very friendly, prices are excellent. The atmosphere is great! this is definitely one of my favorite places in downtown.. really recommend it.",review,9r4KZrCvm2dIbNl0tb1W2Q,"{u'funny': 0, u'useful': 0, u'cool': 0}"75dtVyDb8Sfwb7dR0cBvdg,7/13/09,x_W_cMi0FgE9s8NuEYKpgA,3,"Alright, so I've discovered myself going here every Saturday for brunch lately, and I feel a little bad about my previous review. Everything I said still stands for the most part, but I've grown rather attached to the simple yet effective setup they've got here. I walk in every morning still half-asleep, grab a copy of the most recent Weekly Dig, and slide into a seat at the bar to wait for my coffee and French toast. It's not an all-star meal by any means, but it's fast and easy, so I can't complain.",review,8AlArCFi5cofF6RBLUx1PQ,"{u'funny': 0, u'useful': 1, u'cool': 0}"75dtVyDb8Sfwb7dR0cBvdg,12/1/09,orTSh0E4-3WHv4t-q0AMbg,3,"This is your typical daytime, stop and go type of place. They've got great quick meals and really good iced coffee (the ice is really fun to chew on for you sexual frustrated people out there!). 

Definitly a local spot so don't be alarmed if people glance at you when you walk in for the first time. You can be one of those locals soon enough. Great location, only open during the day so you can't sit there and study in the evenings. boo. But finally, a mom and pop coffee shop in a city that lacks them (and desperately needs them!)",review,x2-8kOlEKJPJqKlJwcx3RA,"{u'funny': 1, u'useful': 0, u'cool': 0}"75dtVyDb8Sfwb7dR0cBvdg,4/23/10,dHoezsDw6zzdbRQ1x2IAyg,4,"While the place looks like a 1950s mess hall, the people that work there really have all the charm that the place itself lacks. 

The sterile green walls are made up for by a friendly greeting and the linoleum counters by the excellent service and any warm conversation that follows. The fellas here are nothing, but nice, and are willing to take on the fly orders and unusual requests with a ""Yeah, we can do that.""

The space itself is oddly j-shaped and filled with everyone from state legislators, suits, and students to mothers and their children. The clientle is really a mish mash of what Boston is actually made of.

The food is definitely not gourmet, but it's a bunch of guys making (insert meal here) it tastes delicious and can certainly cure any hangover you throw its way. 

Try the sausage breakfast sandwich on a croissant, I doubt you'll regret it. (Also the French Toast is awesome).",review,D8KWcO96aN4R1dLxKaPyDQ,"{u'funny': 1, u'useful': 0, u'cool': 0}"75dtVyDb8Sfwb7dR0cBvdg,6/5/10,kkv-I6fTP2R4Tj1qlTXJNQ,4,"Loved this place!  Stopped by CCH for some breakfast the other day and ordered a breakfast burrito and a coffee.  It was a great time just sitting at the counter and listening to the employees make smalltalk with the cafe regulars.

Prices were only okay (maybe around $7.00?), but damn, that breakfast burrito was served piping hot and might have been the tastiest thing I had all weekend.

The view is nice, too; across the street is some sort of government-looking building with all sorts of people milling in and out.

I wish I had a place near by me!  I'd be in there practically every morning.",review,UasuD46SYDBKnOged3-_BQ,"{u'funny': 0, u'useful': 0, u'cool': 0}"75dtVyDb8Sfwb7dR0cBvdg,10/14/10,3ZmNMv2XuCljDrH2dJ-I8w,4,"This is a good, cheap place for breakfast. I had a ham and cheese omelete with home fries and toast, all of it had a good taste. This was my first time here and I'll definately be coming back.",review,Zm2NAsH-oXi-j9rcPqT8DQ,"{u'funny': 0, u'useful': 0, u'cool': 0}"75dtVyDb8Sfwb7dR0cBvdg,12/17/10,wCeW7QMuExo-47iY8pdp2A,5,"Capitol Coffee House is so good. Sooooo good. How good? Good enough that it essentially single-handedly destroyed my newfound personal austerity. As someone who enjoys going out to eat and drink, but doesn't have much money, I decided that I'd commit myself to really limiting stuff I don't need to get; I can make coffee at home, and pack my lunch for work - save, save, save. And I was doing well with it too, which is unlike me.

Then one morning I was sleepy, in a rush, had some cash in my pocket, and really needed some coffee. I passed by the Capitol Coffee House and figured, eh, just this once. And boom, there it was, and now it's over. I'm in there pretty much every day.

The coffee is heavenly, in my opinion; put some cream and sugar in it and it goes down like hot cocoa - smooth and delicious. The large coffee is also super big for $1.90 and provides a heck of a jolt, especially on a frigid Boston morning.

Since giving into the coffee I've also started trying food there and it's all been excellent for the price. I expected the breakfast to be really good - eggs, bacon, sausage, etc., all top notch. But what surprised me was how good lunch was. I had an Italian Sub that honestly rivaled my favorite, Uptown Caf, in terms of deliciousness and crispiness of the bread, as well as the freshness of the ingredients.

For a location right in the heart of Beacon Hill the prices are phenomenal, and as has been mentioned by other reviewers, the staff here is great and really puts me in a great mood in the morning. They're mostly all Italian guys from, I think, Naples and seem like they're either friends or family. The clientele consists largely of outgoing regulars and the staff gets to know them well; one guy working behind the counter noticed my Liverpool soccer scarf and now talks to me every day about how his beloved Naples team is doing.

I love the Capitol Coffee House and if you have a soul (and prefer good coffee to crappy chain coffee) you will too.",review,ElLUTUvx26GW-SvihKRisg,"{u'funny': 4, u'useful': 5, u'cool': 2}"75dtVyDb8Sfwb7dR0cBvdg,3/16/11,cBREvWlAZ6mknII54d2M7w,3,"Service was great. 

I had blueberry pancakes with bacon and sausages. Yummy!!!!
Lots of seating. Place was packed. So it must have been a good place to eat. 

Prices are Cheap.",review,p-AOoVk2lBOFS1gERJWwoA,"{u'funny': 0, u'useful': 0, u'cool': 0}"75dtVyDb8Sfwb7dR0cBvdg,5/3/11,THiSjZDMxWo-4HtSab6ZJQ,4,"a 4 star place, but only just.  it's very tough for me to say this, considering i live off their coffee every single day, however they do have their flaws.

No, its not that the coffee stinks, in fact its great!  Can't beat a large iced coffee for 2.20 with a flavor shot.  It's not the best, but its very solid coffee.  The iced especially, because they used slushed ice and very large sugar crystals that you pretty much crunch when you get a good sip (note the irish cream flavor for their coffee literally is an espresso shot of its own...try it!).

So if not the coffee, its the rude service?  Nope.  These guys are great; a bunch of old Italian guys cooking food and serving coffee.  its awesome; it reminds me of my mom's side of the family, as they really are a prime 
example of old Italian dudes.

Finally, its the food right?  Right??  Well...yeah sort of.  The food itself is fine; in fact i dare say its very good, no matter what you get.  my main issue is the prices for food.  The coffee is incredibly cheap, but the food seems too high for me.  C'mon man, 6 bucks + change for a steak and cheese sandwich??  They're not exactly the largest sandwiches either.  I don't know, maybe uptown cafe has spoiled me for quality sandwiches at fair prices; hell their 6 dollar sandwiches are easily 14 inches.  

All that aside, its a solid dining establishment filled with Massachusetts Government employees, and probably the best coffee shop in the city as far as quality and price is concerned (seriously for their prices, i don't think the world's best coffee for 4 bucks will even top it!)",review,zDhJKFf23pM-nGjRJ1iTdQ,"{u'funny': 0, u'useful': 0, u'cool': 0}"75dtVyDb8Sfwb7dR0cBvdg,6/16/11,#NAME?,3,"They serve breakfast sandwiches all day.  Nuff said.

Nevertheless, I'll say more.  It's fast, friendly, and I dig their croissant bacon egg cheese for 3.75.  Especially because I can get it at 3 in the afternoon.",review,5iLJQgy09bXOPLhv_SxWVw,"{u'funny': 0, u'useful': 0, u'cool': 0}"75dtVyDb8Sfwb7dR0cBvdg,7/26/11,u4iNJsXS7F-UxyZ-xOg2cg,3,Good place for a quick egg sandwich if you work in the area. The coffee is nice and strong and the espresso drinks aren't that bad. It could be kind of expensive if you are on a budget and come here every morning. It is cool to listen to the employees fight in Italian though. Lunch sandwhiches are good in a pinch as well.,review,cMsVjyxxLCjigSksqlzctw,"{u'funny': 1, u'useful': 1, u'cool': 0}"75dtVyDb8Sfwb7dR0cBvdg,12/5/11,ChQgi_Vj0uV0KpjeTgJ0yA,3,"Damn good iced coffee, but the presentation was lacking. They served it in a paper wax cup, like a soda drink. Hot coffee appears to be served in cheap Styrofoam cups like the ones you buy in the supermarket.  If your going to call yourself a ""coffee house"" and go to the trouble of making great coffee, you at least need to but up to ""chain brand"" level with some quality to-go cups.",review,ODffC_i1xva5NpzG0xVpfw,"{u'funny': 0, u'useful': 0, u'cool': 0}"75dtVyDb8Sfwb7dR0cBvdg,12/6/11,_EuXqaOgbbtQyvXSv6UwFg,5,"Not a fancy place, but they take their breakfasts seriously.  Excellent quality.  The french toast was superb, the bacon just right.  And the coffee was great!  If you're looking for a quick, great-tasting breakfast, this is definitely a good choice.",review,TmnnGAOKD0XI6lgMYyRSEA,"{u'funny': 0, u'useful': 0, u'cool': 0}"75dtVyDb8Sfwb7dR0cBvdg,4/11/12,XSXVVoRtUZilFqvgo6y2ag,4,"Located in the same building where John F. Kennedy once stayed on the 2nd floor and  this address was where he registered to vote.  

Ordered the breakfast Capitol special for $6.50 Two Eggs any style, Two Pancakes with Sausage and Home Fries.  The staff was nice and the food cooked to order.  A small restaurant with 5+ tables,  and sitting counters facing the sidewalk and  where you can watch them cook.  

They do not have any condiments at the tables, so you need to get it from them when you go pick up your order.  Also, you bus your own plates when you leave.

A good value for a fresh cooked breakfast, and it was tasty.  Nothing special, but a good breakfast served on a plastic plate with plastic utensils.  Coffee was good too.  I would come back again.",review,2PrFkMdhK2xXcjbE7ivXFw,"{u'funny': 0, u'useful': 1, u'cool': 0}"75dtVyDb8Sfwb7dR0cBvdg,6/27/12,gf0zbt4uXCdYwfk5BQEZYQ,2,I came here in the afternoon when it was slow. They weren't very welcoming. It seemed like they were irritated to have a customer. The counters were very messy and covered with crumbs and paper.  And the stench was awful. Greasy and awful.,review,mL3V-cY_vSNRt5WkA4IZwg,"{u'funny': 0, u'useful': 0, u'cool': 0}"75dtVyDb8Sfwb7dR0cBvdg,8/6/12,0WXqFsa30YZyk38cVR7aaQ,5,"Seriously the best iced coffee in the city. Try the vanilla iced coffee, my friends and I call it crack coffee. SO AMAZING.",review,saG7pWAJITRpqD1j4J09nQ,"{u'funny': 0, u'useful': 1, u'cool': 0}"75dtVyDb8Sfwb7dR0cBvdg,9/16/12,Sq6bEyRwpHUKUzLJnRXhWA,4,"Good, fast, cheap food! This place has delicious cappuccinos. We were in and out in less than an hour without feeling rushed. This place is run like a well oiled machine. Would definitely go back next time I'm in Boston.",review,R0T4T5PbgsT609xueQsrUQ,"{u'funny': 0, u'useful': 0, u'cool': 0}"75dtVyDb8Sfwb7dR0cBvdg,9/29/12,9CI4NOk834xo463c4lazIA,3,Good cheap breakfast spot. Relatively quick too. Just the right amount of surly.,review,YT39oCuSxzQagJt7sN12TA,"{u'funny': 0, u'useful': 0, u'cool': 0}"75dtVyDb8Sfwb7dR0cBvdg,10/21/12,sFQ2M-j7xYbmzIjJkID-tQ,2,"Decent breakfast sandwich when I finally got it -- waited nearly 15 minutes after ordering / paying late Sat a.m., standing in the take-out area and watching later orders filled first. Counterman apologized with ""ran out of bacon"" excuse, but definitely wasn't worth that long a wait. Too bad since it's an independent place with character and the sandwich was well made, but this service issue marred it for me.",review,qFP-Vcf1cLIjEV4UgNvOkg,"{u'funny': 0, u'useful': 0, u'cool': 0}"75dtVyDb8Sfwb7dR0cBvdg,2/22/13,5ZSO28FJv6L92FiWFFPCsQ,5,"Awesome food!!! When we first walked in I was a little worried. The place is nothing fancy and does not have table service, that being said my disappointment was quickly replaced by sheer joy upon eating the food. Everything is made to order and fresh as can be. The home fries are heaven sent, we had the vegetarian omelette and blueberry pancakes which were delicious. The coffee was nice and strong. Fantastic place to eat we will go back for sure !!!!",review,RXgekECwdr5b5svq4GsnVQ,"{u'funny': 0, u'useful': 1, u'cool': 0}"75dtVyDb8Sfwb7dR0cBvdg,3/1/13,FuR4_IyIN7v6yM4ztWxuoA,3,"Service was good and friendly.  Ambiance none, unless you are sitting on the counter, and enjoy reviewing the last game.  

Be prepared to retrieve your breakfast order.  

Food is good, not excellent.  If you are looking for a sit down, menu rich with selection, go elsewhere.",review,J46RoAeJ9i93gHoxvc3hCA,"{u'funny': 0, u'useful': 1, u'cool': 0}"75dtVyDb8Sfwb7dR0cBvdg,4/13/13,JlmBp29mxhgv2d0nPxVDOg,5,Great breakfast! Highly recommend the Capitol or a breakfast wrap.,review,gacqLar1xsiubki83mK03Q,"{u'funny': 0, u'useful': 0, u'cool': 0}"75dtVyDb8Sfwb7dR0cBvdg,5/15/13,QuaDN11TggCt1tE1rHlNRw,4,"Don't understand the negative reviews. This place has a unique charm, filled with Italians as well. The coffee is hands down the best I've had in Boston, and I can't complain about the panini as well. Overall, great atmosphere - great group of Italian gents!",review,IhJvPoJ1-UJhB4l3meQaZA,"{u'funny': 0, u'useful': 0, u'cool': 0}"75dtVyDb8Sfwb7dR0cBvdg,6/6/13,peAfAtn2cQg00ZqkuHlBvQ,4,"Really awesome Italian run breakfast/brunch place. Run by Italian middle aged Italian guys who make awesome simple food.

I had the Greek chicken wrap - chicken, tomato, lettuce, feta and tzatziki all in a wrap, very tasty! 

You can watch them make the stuff right there in front of you and they are quick at it too.

Definitely going back to this place before we leave!",review,vcHzAXr_gyKDa9yuLnvSPw,"{u'funny': 0, u'useful': 0, u'cool': 0}"75dtVyDb8Sfwb7dR0cBvdg,8/13/13,wLs5Q89iDomNe1-GCWqsRA,3,"As a person who has been here many times for lunch only, the only thing that keeps me coming back is its proximity to my work.  Nice guys who work behind the counter, but mediocre lunch choices that taste like something your mom would pack for lunch (bland and boring). And for the lack of flavor and quality, the prices are a bit high. I haven't tried the breakfast, but that's probably a better gamble than the lunch choices I've made here.

Warning: stay away from the meatball sub.  Whatever meat product was inside the sub  was complete mush and reminded me of cat food, meow?",review,mO6i6kwBfMvfz5Kwuxs-PA,"{u'funny': 0, u'useful': 0, u'cool': 0}"75dtVyDb8Sfwb7dR0cBvdg,8/21/13,9RysyuG0YtxPAQ83paoDEw,4,"What is better than finding the perfect breakfast spot, where you know you can count on a quick, delicious, piping hot, inexpensive meal to start your day?!  I finally found it at this little hole in the wall near the State House.  Counter service, mostly (a few tables are in the back, but why bother?).  The opposite of fancy:  paper plates, paper cups...perfectly true to its calling, no pretense.  Friendly guys behind the counter.  I haven't tried the other menu items, but I can tell you this was the best breakfast I've had in a long time.  Too bad they're not open on Sunday; but hey, guys who work this hard deserve a day off. Jeez, I'd like a cup of that coffee right now, in fact..(not for Starbucks fans ;)) Thank you, thank you!",review,1XShzAGdw-QynD4o-WOKBg,"{u'funny': 0, u'useful': 0, u'cool': 0}"75dtVyDb8Sfwb7dR0cBvdg,9/11/13,6ALt0JbEUgaAd1czVaESbQ,2,"Super, super mediocre. 

The epitome of average.

Meh[squared].

If you're looking to be wowed by how average breakfast can truly be, give Capitol a couple bucks and brace yourself for almost nothing.",review,BjwXX-sChcjx2E55B_7rXg,"{u'funny': 2, u'useful': 1, u'cool': 0}"75dtVyDb8Sfwb7dR0cBvdg,9/17/13,fqPUkX_R35bI2T-0SZiItw,2,"I don't know what the people who liked the ice coffee are talking about. I ordered iced coffee and I got a cup filled to the rim with crushed ice. If there was any room for coffee it must have been the water they rinsed the coffee pot with, it literally tasted like someone had coffee in that cup and then filed with water and that's what I got. If I had my eyes closed I couldn't tell what it was. However, I do like their food and they are very nice. I am a coffee person and I need it in the morning. That was very disappointing.",review,45E6qGVVE1pkdpKFZMh26g,"{u'funny': 0, u'useful': 0, u'cool': 0}"75dtVyDb8Sfwb7dR0cBvdg,10/19/13,oktMyABr7lbtZZxiW75q6g,4,Decent food for the money.  Very casual and comfortable.   It's picnic style with paper plates and utensils.   We all had breakfast.   Eggs were a bit more runny than I usually like but it was still good.   Potatoes were a little greasy but again tasty!  Blueberry pancakes and chocolate pancakes were really good.,review,DoZcGS3wmK_mBNJnOEe3rg,"{u'funny': 0, u'useful': 0, u'cool': 0}"75dtVyDb8Sfwb7dR0cBvdg,1/11/14,B8D7eQF3Ibevbd7u7PaZ_w,5,"My partner and I sometimes go here for breakfast because it's close to home, the food is good, and everything is inexpensive. Note: I have only been here for breakfast.
 
The service is very friendly.

The food is absolutely great if you're in the mood for something down-to-earth, straight-forward, and slightly greasy. The pancakes are very delicious--crispy circumference and fluffy, with just the right amount of chewiness (maybe chewy is not the right word choice... Whatever. It's good. Just order it). 

I love their random paper placemats. They used to have mats with pictures of all the presidents, but now they have mats with photographs of places to visit in Italy (and not the top tourist spots you would expect). I love the paper plates. I love the plastic utensils neatly wrapped in paper napkins. 

Will keep coming back.",review,nDILBC8Qs5JcqCX2tem2tQ,"{u'funny': 0, u'useful': 0, u'cool': 0}"75dtVyDb8Sfwb7dR0cBvdg,3/10/14,NNTG52Th2XAEl8yNNDXMOQ,4,"Love that they serve fresh, delicious, affordable breakfast sandwiches all day long. My go-to for an inexpensive lunch on Beacon Hill.",review,SnRMtYGjE9lhxlzLU8VvkA,"{u'funny': 0, u'useful': 0, u'cool': 0}"75dtVyDb8Sfwb7dR0cBvdg,4/19/14,tPUUSz5SVBKyvZU-SfIESQ,1,Disappointing. We were in town and wanted a diner type bfst. I should have run when i opened the napkin to find plastic utensils. I then should have ran when my coffee came in Styrofoam cup. Folgers would have tasted better. Bfst took an hour from start to finish. While mngt walked around and told everyone how busy they were I saw half the tables and bar area empty. The fried eggs and toast was fine but then how do you mess that up.,review,8bE48hzbF-CiE-0s-bQJDg,"{u'funny': 0, u'useful': 0, u'cool': 0}"75dtVyDb8Sfwb7dR0cBvdg,4/24/14,Gy0PiCx7Za_5qBxwKyvoEQ,3,"Fine for what it is...a basic diner. 

Sit at the counter and watch. Watch the family interact. Listen for some Italian. Enjoy watching a short-order cook work his magic.  What they lack in culinary genius, they compensate for in social study (something I enjoy and find value in.)

Not the most amazing coffee/breakfast spot, but better than ordering a donut, egg and sausage breakfast sandwich at Dunkin' Donuts around the corner. 

3.49 stars

Buon appetito...fuggetaboutit!",review,q3fywdcilPFboftTZeBRkA,"{u'funny': 0, u'useful': 1, u'cool': 1}"75dtVyDb8Sfwb7dR0cBvdg,4/26/14,L1yapyJk97TjGYNdwVPwyQ,2,This is a bad breakfast experience. Service is unorganized and slow though nice enough.  They serve everything on and in paper plates/cups which makes the experience feel low rent. The food is okay at best but the small kitchen only allows for one flattop so the eggs and pancakes taste like bacon. I don't often review places but felt compelled to let you all know to stay away if you can.,review,UQWZ2MHLnNR6gE0clMKDIw,"{u'funny': 0, u'useful': 0, u'cool': 0}"